{
    "FlipY":false,
    "src": {
        "Building_new": {
            "path": "assets/space8Zip/",
            "NumberOfComponents":529,
            "parentGroup": {
                "scale": {
                    "x": 1,
                    "y": 1,
                    "z": 1
                }
            },
            "createSphere": {
                "x": [
                    -815,879,
                    11
                ],
                "y": [
                    16,16,
                    11
                ],
                "z": [
                    -962,1084,
                    11
                ],
                "r": 3
            },
            "kernelPosition": "-110,40,-10",
            "entropy": {},
            "isdoor": {},
            "blocking": {},
            "block2Kernel": {},
            "updateColor":false
        },
        "Visibility":{
            "componentNum":8437,
            "urlVdServer":"http://39.98.206.0:8092"
        },
        "P2P":{
            "urlP2pControllerServer":"http://139.196.217.153:8010"
        },
        "Detection":{
            "urlDetectionServer":"http://123.57.58.224:9999"
        },
        "SamplePointList": {
            "vvd": {}
        },
        "main": {
            "camera": {
                "position": {
                    "x":-319.59561744433125,
                    "y": 16,
                    "z": 323.70333357412926
                },
                "rotation": {
                    "x": 0.029181544549116867,
                    "y": -0.5576086281997055,
                    "z": 0.015444821123026083
                },
                "target": {
                    "x": -22958.633680551236,
                    "y": -1213.5804965263233,
                    "z": 4122.605105589213
                },
                "near": 10,
                "far": 5000000
            },
            "speed":{
                "moveBoard":1,
                "moveWheel0":0.002
            },
            "pathList":[
                [
                    [-319.6,16,323.7,0.02918,-0.55761,0.01544,1000],
                    [591.93,16,822.12,-0.10697,-0.13106,-0.01404,1000],
                    [582.89,16,276.7,-0.91251,1.36726,0.90238,1000],
                    [-280.14,16,-348.47,-2.94175,0.65863,3.01825,1000],
                    [-513.14,16,218.88,-1.88176,-1.34183,-1.88954,1000]
                ],
                [
                    [-189.95,16,100.24,0.23055,-1.0422,0.19998,400],
                    [-225.81,16,127.96,-0.40937,1.18932,0.38282,400],
                    [-213.92,16,124.52,2.76118,0.32149,-3.01591,400],
                    [-202.68,16,148.35,2.98131,-0.69426,3.03852,400],
                    [-180.49,16,137.66,2.85998,-1.06578,2.89362,400]
                ],
                [
                    [367.2,16,158.85,-0.05537,0.19391,0.01067,1000],
                    [99.57,16,6.67,-0.04714,-0.69825,-0.03032,1000],
                    [115.29,16,-89.77,-0.0476,-0.83023,-0.03514,1000],
                    [206.55,16,-231.95,-0.05909,-0.58999,-0.03291,1000],
                    [220.24,16,-245.17,-3.1263,0.39615,3.13568,100],
                    [375.49,16,-135.39,-2.98791,1.23755,2.99623,1000]
                ]
            ]
        }
    }
}