{
    "FlipY":false,
    "src": {
        "Building_new": {
            "path": "assets/space8Zip/",
            "NumberOfComponents":529,
            "parentGroup": {
                "scale": {
                    "x": 1,
                    "y": 1,
                    "z": 1
                }
            },
            "createSphere": {
                "x": [
                    -815,879,
                    11
                ],
                "y": [
                    16,16,
                    11
                ],
                "z": [
                    -962,1084,
                    11
                ],
                "r": 3
            },
            "kernelPosition": "-110,40,-10",
            "entropy": {},
            "isdoor": {},
            "blocking": {},
            "block2Kernel": {},
            "updateColor":false
        },
        "Visibility":{
            "componentNum":8437,
            "urlVdServer":"http://39.98.206.0:8092"
        },
        "P2P":{
            "urlP2pControllerServer":"http://139.196.217.153:8010"
        },
        "Detection":{
            "urlDetectionServer":"http://123.57.58.224:9999"
        },
        "SamplePointList": {
            "vvd": {}
        },
        "main": {
            "camera": {
                "position": {
                    "x":-319.59561744433125,
                    "y": 16,
                    "z": 323.70333357412926
                },
                "rotation": {
                    "x": 0.029181544549116867,
                    "y": -0.5576086281997055,
                    "z": 0.015444821123026083
                },
                "target": {
                    "x": -22958.633680551236,
                    "y": -1213.5804965263233,
                    "z": 4122.605105589213
                },
                "near": 10,
                "far": 5000000
            },
            "speed":{
                "moveBoard":1,
                "moveWheel0":0.002
            },
            "pathList":[
                [
                    [-116237.6,-1530.26,11978.66,   -0.11063,-1.49565,-0.11032, 1000],
                    [-54865.63,-1530.26,13039.32,  -2.1177,-1.5529,-2.11778,   1000],
                    [-36767.63,-1530.26,-1362.69   ,-0.00625,-1.0161,-0.00531, 1000],
                    [55787.57,-1530.26,-1737.73,   1.8086,-1.5059,1.80908,    1000],
                    [-44907.4,-1530.26,12147.79,2.04046,1.51057,-2.0412,1000]
                ],
                [
                    [-32115.98,-7430.26,13644.9,1.52432,-1.38584,1.52352,1000],
                    [13590.9,-7430.26,13247.66,1.52432,-1.38584,1.52352,1000],
                    [85050.92,-7430.26,12626.6,0.26428,0.39225,-0.10309,1000],
                    [85167.57,-7430.26,-1571.08,1.02457,1.26256,-1.00292,1000],
                    [11514.32,-7430.26,-2564.01,1.54904,1.39331,-1.5487,1000],
                    [-35731.63,-7430.26,-2748.36,2.87731,-0.45912,3.02224,1000]
                ],
                [
                    [-54079.8,-12230.26,14735.95,0.61764,-1.22167,0.58858,1000],
                    [96813.41,-12230.26,12620.34,0.19579,0.89129,-0.15308,1000],
                    [94847.93,-12230.26,-3258.34,0.93118,1.47867,-0.92916,1000],
                    [-51565.47,-12230.26,-2663.95,1.87617,1.43547,-1.87883,1000]
                ]
            ]
        }
    }
}